10000,Mr,Mackenzie,J,Fleetwood,7.25342E+15,298654743,465375486,12/03/2000,male,3000
10001,Ms,Jane,P,Killingsworth,9.36524E+15,234654345,342134679,8/04/1943,female,3001
10002,Mr,Peter,D,Leons,1.87365E+15,276539183,125364927,8/07/1962,male,3002
10003,Mr,Phill,B,Greggan,6.47365E+15,276548709,1234326789,31/08/1971,male,3003
10004,Dr,John,W,Ward,4.73829E+15,4847383848,4838382728,12/02/1978,male,3004
10005,Mrs,Mary,D,Brown,9.35627E+15,297465243,417335224,5/03/1972,female,3005
10006,Mr,Terrence,D,Hill,6.36353E+15,266645432,365243561,4/10/2005,male,3006
10007,Master,Adrian,B,Tamerkand,9.86365E+15,276546783,4848473738,12/12/2008,male,3007
10008,Ms,Joan,D,Wothers,9.48475E+15,1294848777,8484737384,12/06/1997,female,3008
10009,Mrs,Caroline,J,Barrette,1.23457E+15,384736278,9383827373,4/04/1965,female,3009
10010,Mrs,Wendy,J,Pilington,8.48373E+15,4837383848,8473838383,17/09/1985,female,3010
10011,Dr,Mark,P,Huston,9.87899E+15,287657483,476352638,7/07/1975,male,3011
10012,Mrs,Hilda,D,Brown,4.63528E+15,249756544,318466453,3/12/1993,female,3012
10013,Mrs,Jennifer,J,Dunsworth,7.66678E+15,249767574,228484373,4/06/1991,female,3013
10014,Mr,Jason,D,Lithdon,4.87736E+14,298785645,317896453,9/08/1989,male,3014
10015,Ms,Paula,D,Yates,6.63747E+15,289876432,938473625,7/09/1982,female,3015
10016,Dr,Ludo,V,Vergenargen,8.48474E+15,9383737627,8372727283,15/05/1986,male,3016
10017,Dr,Anne,D,Funsworth,8.47767E+15,8847362839,8372688949,11/12/1991,female,3017
10018,Mrs,Leslie,V,Gray,4.84747E+15,4736728288,4837726789,11/03/1989,female,3018
10019,Dr,Adam,J,Moody,7.47364E+15,8476635678,2736352536,23/09/1990,male,3019
10020,Mr,Leslie,Y,Gray,3.82728E+15,8473763678,4484837289,11/04/1991,male,3020
